ilce_adi;mahalle_adi;mahalle_uavt;1980_oncesi;1980-2000_arasi;2000_sonrasi;1-4 kat_arasi;5-9 kat_arasi;9-19 kat_arasi
ADALAR;BURGAZADA;40139;433;214;173;802;18;0
ADALAR;HEYBEL›ADA;40142;836;347;212;1359;36;0
ADALAR;KINALIADA;40143;610;244;158;923;89;0
ADALAR;MADEN;40140;863;510;308;1637;44;0
ADALAR;N›ZAM;40141;842;426;217;1434;51;0
ARNAVUTK÷Y;ADNAN MENDERES;40490;0;244;121;353;12;0
ARNAVUTK÷Y;ANADOLU;99359;0;1360;845;1647;555;3
ARNAVUTK÷Y;ARNAVUTK÷Y MERKEZ;40478;0;685;589;797;470;7
ARNAVUTK÷Y;ATAT‹RK;40482;0;565;216;754;27;0
ARNAVUTK÷Y;BAKLALI;191981;0;332;184;515;1;0
ARNAVUTK÷Y;BALABAN;191983;0;242;53;295;0;0
ARNAVUTK÷Y;BO–AZK÷Y ›ST›KLAL;40483;90;864;540;1452;42;0
ARNAVUTK÷Y;BOLLUCA;40487;0;578;185;716;47;0
ARNAVUTK÷Y;BOYALIK;191985;0;313;205;514;4;0
ARNAVUTK÷Y;«›L›NG›R;40494;0;315;176;485;6;0
ARNAVUTK÷Y;DEL›KL›KAYA;40910;0;291;279;478;36;56
ARNAVUTK÷Y;DURSUNK÷Y;40911;0;204;72;276;0;0
ARNAVUTK÷Y;DURUSU;40915;0;208;43;251;0;0
ARNAVUTK÷Y;FAT›H;40495;0;219;198;406;11;0
ARNAVUTK÷Y;HACIMAﬁLI;191975;1;137;107;244;1;0
ARNAVUTK÷Y;HADIMK÷Y;40913;0;418;793;909;229;73
ARNAVUTK÷Y;HARA««I;40489;0;813;622;1356;79;0
ARNAVUTK÷Y;HASTANE;40912;0;434;391;578;237;10
ARNAVUTK÷Y;H›CRET;40486;0;221;113;323;11;0
ARNAVUTK÷Y;›MRAHOR;40481;0;1141;471;1585;27;0
ARNAVUTK÷Y;›SLAMBEY;40479;0;1184;481;1452;204;9
ARNAVUTK÷Y;KARABURUN;191987;0;404;710;1110;4;0
ARNAVUTK÷Y;KARLIBAYIR;40488;0;669;465;944;183;7
ARNAVUTK÷Y;MAREﬁAL FEVZ› «AKMAK;40493;0;458;450;881;27;0
ARNAVUTK÷Y;MAV›G÷L;40485;0;420;520;907;33;0
ARNAVUTK÷Y;MEHMET AK›F ERSOY;40491;0;255;218;465;8;0
ARNAVUTK÷Y;MUSTAFA KEMAL PAﬁA;99358;0;707;273;843;137;0
ARNAVUTK÷Y;NENEHATUN;99357;0;561;223;707;77;0
ARNAVUTK÷Y;÷MERL›;40906;0;273;329;477;83;42
ARNAVUTK÷Y;SAZLIBOSNA;40907;0;338;55;393;0;0
ARNAVUTK÷Y;TAﬁOLUK;40492;0;607;179;750;36;0
ARNAVUTK÷Y;TAYAKADIN;191977;0;817;487;1301;3;0
ARNAVUTK÷Y;TERKOS;40914;0;428;132;560;0;0
ARNAVUTK÷Y;YASSI÷REN;191989;0;0;342;316;24;2
ARNAVUTK÷Y;YAVUZ SEL›M;40480;0;968;204;1113;58;1
ARNAVUTK÷Y;YEN›K÷Y;191979;0;190;836;1026;0;0
ARNAVUTK÷Y;YEﬁ›LBAYIR;40908;0;172;208;357;23;0
ARNAVUTK÷Y;YUNUS EMRE;40484;5;1168;327;1421;78;1
ATAﬁEH›R;AﬁIKVEYSEL;98687;792;181;199;886;266;20
ATAﬁEH›R;ATAT‹RK;99749;49;386;416;455;234;162
ATAﬁEH›R;BARBAROS;40527;571;725;596;1585;205;102
ATAﬁEH›R;ESATPAﬁA;40793;997;396;733;1474;597;55
ATAﬁEH›R;FERHATPAﬁA;40577;4;845;1135;1370;599;15
ATAﬁEH›R;FETIH;40795;55;339;160;265;262;27
ATAﬁEH›R;›«ERENK÷Y;40530;1610;1809;1203;2950;1302;370
ATAﬁEH›R;›N÷N‹;40534;89;445;887;504;898;19
ATAﬁEH›R;KAYIﬁDA–I;40533;311;1394;1273;2245;723;10
ATAﬁEH›R;K‹«‹KBAKKALK÷Y;40531;478;292;957;850;611;266
ATAﬁEH›R;MEVLANA;99516;32;723;135;617;221;52
ATAﬁEH›R;M›MAR S›NAN;99519;51;722;135;771;135;2
ATAﬁEH›R;MUSTAFA KEMAL;40740;914;374;164;1170;282;0
ATAﬁEH›R;÷RNEK;40816;760;367;732;1166;667;26
ATAﬁEH›R;YEN› «AMLICA;40746;184;793;350;1192;109;26
ATAﬁEH›R;YEN›SAHRA;40526;782;378;264;1216;207;1
ATAﬁEH›R;YEN›ﬁEH›R;99517;56;128;212;58;225;113
AVCILAR;AMBARLI;40146;354;941;323;561;1009;48
AVCILAR;C›HANG›R;40148;282;1376;1391;1324;1694;31
AVCILAR;DEN›ZK÷ﬁKLER;40147;379;1370;402;725;1387;39
AVCILAR;F›RUZK÷Y;40152;586;1598;927;2703;397;11
AVCILAR;G‹M‹ﬁPALA;40151;303;1111;475;617;1253;19
AVCILAR;MERKEZ;40145;371;552;185;189;848;71
AVCILAR;MUSTAFA KEMALPAﬁA;40150;258;973;717;498;1443;7
AVCILAR;TAHTAKALE;40154;4;1549;958;1956;339;216
AVCILAR;‹N›VERS›TE;40149;59;574;626;578;655;26
AVCILAR;YEﬁ›LKENT;40153;0;4243;3875;7362;735;21
BA–CILAR;100. YIL;40176;195;2175;436;1233;1555;18
BA–CILAR;BA–LAR;40155;239;677;356;771;462;39
BA–CILAR;BARBAROS;40157;298;487;359;364;776;4
BA–CILAR;«INAR;40163;469;1045;228;424;1304;14
BA–CILAR;DEM›RKAPI;40171;250;1835;504;987;1554;48
BA–CILAR;EVREN;40169;229;2099;832;1291;1840;29
BA–CILAR;FAT›H;40172;214;1996;288;975;1520;3
BA–CILAR;FEVZ› «AKMAK;40173;333;1044;370;576;1142;29
BA–CILAR;G÷ZTEPE;40175;135;1714;257;1085;989;32
BA–CILAR;G‹NEﬁL›;40168;213;1642;555;852;1503;55
BA–CILAR;H‹RR›YET;40156;449;644;391;602;856;26
BA–CILAR;›N÷N‹;40159;320;825;217;564;793;5
BA–CILAR;KAZIM KARABEK›R;40158;352;749;432;539;992;2
BA–CILAR;KEMALPAﬁA;40174;259;1457;267;843;1138;2
BA–CILAR;K›RAZLI;40166;263;1572;457;925;1333;34
BA–CILAR;MAHMUTBEY;40170;266;3585;434;3428;802;55
BA–CILAR;MERKEZ;40162;180;621;243;305;722;17
BA–CILAR;SANCAKTEPE;40164;229;657;170;363;688;5
BA–CILAR;YAVUZ SEL›M;40165;239;901;311;536;897;18
BA–CILAR;YEN›G‹N;40161;246;519;112;169;707;1
BA–CILAR;YEN›MAHALLE;40167;137;1236;247;619;953;48
BA–CILAR;YILDIZTEPE;40160;557;1066;355;697;1260;21
BAH«EL›EVLER;BAH«EL›EVLER;40177;728;878;359;835;1014;116
BAH«EL›EVLER;CUMHUR›YET;40181;196;1136;271;310;1285;8
BAH«EL›EVLER;«OBAN«EﬁME;40184;108;1539;230;649;1216;12
BAH«EL›EVLER;FEVZ› «AKMAK;40185;145;881;78;184;917;3
BAH«EL›EVLER;H‹RR›YET;40187;107;1491;129;185;1517;25
BAH«EL›EVLER;KOCAS›NAN MERKEZ;40182;152;1623;848;815;1785;23
BAH«EL›EVLER;S›YAVUﬁPAﬁA;40179;793;1308;58;111;2034;14
BAH«EL›EVLER;SO–ANLI;40180;476;1745;166;143;2234;10
BAH«EL›EVLER;ﬁ›R›NEVLER;40178;577;1434;230;299;1910;32
BAH«EL›EVLER;YEN›BOSNA MERKEZ;40183;365;1263;567;1234;897;64
BAH«EL›EVLER;ZAFER;40186;245;2185;965;599;2789;7
BAKIRK÷Y;ATAK÷Y 1. KISIM;40202;61;7;27;39;42;14
BAKIRK÷Y;ATAK÷Y 2-5-6. KISIM;40194;123;8;93;108;74;42
BAKIRK÷Y;ATAK÷Y 3-4-11. KISIM;40201;156;93;11;82;170;8
BAKIRK÷Y;ATAK÷Y 7-8-9-10. KISIM;40196;3;426;107;239;226;71
BAKIRK÷Y;BASINK÷Y;40200;184;358;108;614;36;0
BAKIRK÷Y;CEV›ZL›K;40192;332;259;110;198;501;2
BAKIRK÷Y;KARTALTEPE;40197;775;641;57;414;1056;3
BAKIRK÷Y;OSMAN›YE;40188;339;363;290;512;470;10
BAKIRK÷Y;SAKIZA–ACI;40191;300;143;29;77;385;10
BAKIRK÷Y;ﬁENL›KK÷Y;40199;357;1134;320;1644;166;1
BAKIRK÷Y;YEN›MAHALLE;40190;319;126;48;134;359;0
BAKIRK÷Y;YEﬁ›LK÷Y;40189;894;848;590;1755;554;23
BAKIRK÷Y;YEﬁ›LYURT;40195;179;97;32;134;173;1
BAKIRK÷Y;ZEYT›NL›K;40193;203;270;101;143;430;1
BAKIRK÷Y;ZUHURATBABA;40198;644;319;66;279;746;4
BAﬁAKﬁEH›R;ALTINﬁEH›R;40598;96;968;332;1256;140;0
BAﬁAKﬁEH›R;BAH«EﬁEH›R 1. KISIM;40871;0;699;1478;1837;176;164
BAﬁAKﬁEH›R;BAH«EﬁEH›R 2. KISIM;40872;1;1130;1664;2101;141;553
BAﬁAKﬁEH›R;BAﬁAK;40357;1;644;793;792;208;438
BAﬁAKﬁEH›R;BAﬁAKﬁEH›R;40581;0;136;658;187;208;399
BAﬁAKﬁEH›R;G‹VERC›NTEPE;40597;110;3440;903;3784;640;29
BAﬁAKﬁEH›R;KAYABAﬁI;40583;206;425;969;872;121;607
BAﬁAKﬁEH›R;ﬁAH›NTEPE;40584;95;3785;959;4624;202;13
BAﬁAKﬁEH›R;ﬁAMLAR;191991;9;347;103;440;19;0
BAﬁAKﬁEH›R;Z›YA G÷KALP;40585;296;2046;3498;5283;474;83
BAYRAMPAﬁA;ALTINTEPS›;40207;679;1206;353;1073;1161;4
BAYRAMPAﬁA;CEVATPAﬁA;40203;351;733;116;648;552;0
BAYRAMPAﬁA;›SMET PAﬁA;40209;555;489;166;568;611;31
BAYRAMPAﬁA;KARTALTEPE;40211;1256;1408;257;1286;1631;4
BAYRAMPAﬁA;KOCATEPE;40212;235;784;218;509;702;26
BAYRAMPAﬁA;MURATPAﬁA;40213;1285;1342;212;1551;1287;1
BAYRAMPAﬁA;ORTAMAHALLE;40204;635;763;132;870;659;1
BAYRAMPAﬁA;TERAZ›DERE;40206;532;834;114;771;709;0
BAYRAMPAﬁA;VATAN;40205;541;398;142;712;368;1
BAYRAMPAﬁA;YEN›DO–AN;40208;687;762;154;804;793;6
BAYRAMPAﬁA;YILDIRIM;40210;1539;1521;553;1865;1745;3
BEﬁ›KTAﬁ;ABBASA–A;40219;217;169;101;166;319;2
BEﬁ›KTAﬁ;AKAT;40234;398;597;291;954;294;38
BEﬁ›KTAﬁ;ARNAVUTK÷Y;40231;611;295;196;997;105;0
BEﬁ›KTAﬁ;BALMUMCU;40223;145;144;61;289;48;13
BEﬁ›KTAﬁ;BEBEK;40232;477;266;170;743;169;1
BEﬁ›KTAﬁ;C›HANN‹MA;40217;209;141;88;173;260;5
BEﬁ›KTAﬁ;D›K›L›TAﬁ;40221;288;243;170;113;529;59
BEﬁ›KTAﬁ;ET›LER;40233;438;189;173;524;261;15
BEﬁ›KTAﬁ;GAYRETTEPE;40222;227;169;111;137;239;131
BEﬁ›KTAﬁ;KONAKLAR;40236;217;231;181;278;319;32
BEﬁ›KTAﬁ;KURU«EﬁME;40228;437;147;132;667;49;0
BEﬁ›KTAﬁ;K‹LT‹R;40229;172;141;117;286;138;6
BEﬁ›KTAﬁ;LEVAZIM;40226;38;118;64;59;148;13
BEﬁ›KTAﬁ;LEVENT;40235;798;158;416;1337;24;11
BEﬁ›KTAﬁ;MEC›D›YE;40224;546;320;216;673;409;0
BEﬁ›KTAﬁ;MURAD›YE;40216;141;139;34;15;293;6
BEﬁ›KTAﬁ;N›SBET›YE;40230;201;271;114;123;426;37
BEﬁ›KTAﬁ;ORTAK÷Y;40225;474;273;284;727;303;1
BEﬁ›KTAﬁ;S›NANPAﬁA;40215;189;187;147;289;233;1
BEﬁ›KTAﬁ;T‹RKAL›;40218;395;212;102;190;512;7
BEﬁ›KTAﬁ;ULUS;40227;130;288;72;256;234;0
BEﬁ›KTAﬁ;V›ﬁNEZADE;40214;254;273;146;338;317;18
BEﬁ›KTAﬁ;YILDIZ;40220;270;224;184;375;295;8
BEYKOZ;ACARLAR;40250;3;1846;391;1977;262;1
BEYKOZ;AKBABA;191701;298;210;188;682;14;0
BEYKOZ;AL›BAHADIR;191703;22;151;130;302;1;0
BEYKOZ;ANADOLU FENER›;191705;42;73;301;414;2;0
BEYKOZ;ANADOLU H›SARI;40243;362;163;138;619;44;0
BEYKOZ;ANADOLU KAVA–I;40256;93;163;153;402;7;0
BEYKOZ;BAKLACI;40257;21;0;1024;1034;11;0
BEYKOZ;BOZHANE;191725;47;82;149;278;0;0
BEYKOZ;CUMHUR›YET;191727;205;194;283;679;3;0
BEYKOZ;«AMLIBAH«E;40253;699;255;115;1042;27;0
BEYKOZ;«ENGELDERE;40258;26;3;1161;1159;31;0
BEYKOZ;«›FTL›K;40259;31;0;1074;1079;26;0
BEYKOZ;«›–DEM;40240;962;752;177;1793;98;0
BEYKOZ;«UBUKLU;40241;1414;1493;428;3110;224;1
BEYKOZ;DERESEK›;191709;130;222;370;718;4;0
BEYKOZ;ELMALI;191711;92;501;310;880;23;0
BEYKOZ;FAT›H;40260;17;0;602;583;36;0
BEYKOZ;G÷KSU;40244;354;126;125;580;25;0
BEYKOZ;G÷LL‹;191729;20;36;91;147;0;0
BEYKOZ;G÷RELE;191713;30;412;213;650;5;0
BEYKOZ;G÷ZTEPE;40246;189;294;557;904;135;1
BEYKOZ;G‹M‹ﬁSUYU;40237;1354;1211;586;3087;64;0
BEYKOZ;›NC›RK÷Y;40238;2043;775;419;3124;113;0
BEYKOZ;›SHAKLI;191731;64;213;379;655;1;0
BEYKOZ;KANLICA;40242;387;206;150;658;84;1
BEYKOZ;KAVACIK;40247;959;667;363;1296;606;87
BEYKOZ;KAYNARCA;191715;3;124;91;218;0;0
BEYKOZ;KILI«LI;191733;0;39;293;331;1;0
BEYKOZ;MAHMUTﬁEVKETPAﬁA;191723;213;254;267;727;7;0
BEYKOZ;MERKEZ;40251;712;291;209;1147;64;1
BEYKOZ;ORTA«EﬁME;40254;594;705;249;1517;31;0
BEYKOZ;÷–‹MCE;191735;81;161;110;352;0;0
BEYKOZ;÷RNEKK÷Y;191721;20;676;358;1044;10;0
BEYKOZ;PAﬁABAH«E;40239;474;166;101;694;47;0
BEYKOZ;PAﬁAMANDIRA;191737;50;269;240;559;0;0
BEYKOZ;POLONEZK÷Y;191717;105;155;212;469;3;0
BEYKOZ;POYRAZK÷Y;16634;89;12;205;300;6;0
BEYKOZ;R›VA;191707;8;64;1305;1367;9;1
BEYKOZ;R‹ZGARLIBAH«E;40248;536;826;342;1618;58;28
BEYKOZ;SO–UKSU;40249;378;925;259;1470;92;0
BEYKOZ;TOKATK÷Y;40255;995;1366;411;2688;84;0
BEYKOZ;YALIK÷Y;40252;740;346;242;1295;33;0
BEYKOZ;YAVUZ SEL›M;40261;30;18;1363;1392;19;0
BEYKOZ;YEN› MAHALLE;40245;1046;1750;648;3366;78;0
BEYKOZ;ZERZAVAT«I;191739;43;157;86;284;2;0
BEYL›KD‹Z‹;ADNAN KAHVEC›;40869;0;505;1113;583;490;545
BEYL›KD‹Z‹;BARIﬁ;40875;0;303;499;368;56;378
BEYL›KD‹Z‹;B‹Y‹KﬁEH›R;40877;0;107;132;51;15;173
BEYL›KD‹Z‹;CUMHUR›YET;40874;0;224;126;91;14;245
BEYL›KD‹Z‹;DEREA–ZI;40870;0;1134;1027;1960;192;9
BEYL›KD‹Z‹;G‹RPINAR;40867;0;953;510;1220;191;52
BEYL›KD‹Z‹;KAVAKLI;40873;0;624;920;997;421;126
BEYL›KD‹Z‹;MARMARA;40893;4;336;657;722;89;186
BEYL›KD‹Z‹;SAH›L;40876;0;369;277;540;84;22
BEYL›KD‹Z‹;YAKUPLU;40894;37;1666;1230;1522;1369;42
BEYO–LU;ARAP CAM›;40299;347;139;2;332;125;31
BEYO–LU;ASMALI MESC›T;40281;156;107;77;47;276;17
BEYO–LU;BEDRETT›N;40300;199;46;6;231;20;0
BEYO–LU;BEREKETZADE;40298;163;124;11;95;193;10
BEYO–LU;BOSTAN;40291;317;112;8;324;112;1
BEYO–LU;B‹LB‹L;40292;510;216;16;575;166;1
BEYO–LU;CAM››KEB›R;40301;458;204;8;489;179;2
BEYO–LU;C›HANG›R;40275;237;157;83;113;349;15
BEYO–LU;«ATMA MESC›T;40283;174;92;1;135;124;8
BEYO–LU;«UKUR;40293;331;56;7;243;144;7
BEYO–LU;EMEKYEMEZ;40269;169;156;14;144;181;14
BEYO–LU;EVL›YA «ELEB›;40282;80;23;6;24;72;13
BEYO–LU;FET›HTEPE;40262;1188;330;135;1164;487;2
BEYO–LU;F›RUZA–A;40276;337;126;58;260;260;1
BEYO–LU;G‹M‹ﬁSUYU;40278;225;119;28;116;223;33
BEYO–LU;HACIAHMET;40280;522;502;60;629;446;9
BEYO–LU;HACIM›M›;40285;215;116;22;188;159;6
BEYO–LU;HALICIO–LU;40304;336;214;91;229;407;5
BEYO–LU;H‹SEY›NA–A;40272;169;74;44;76;204;7
BEYO–LU;›ST›KLAL;40279;826;242;83;1107;30;14
BEYO–LU;KADI MEHMET EFEND›;40267;254;171;102;178;347;2
BEYO–LU;KALYONCU KULLU–U;40270;331;79;8;217;200;1
BEYO–LU;KAMER HATUN;40271;202;37;9;132;113;3
BEYO–LU;KAPTANPAﬁA;40264;578;520;202;764;535;1
BEYO–LU;KAT›PMUSTAFA «ELEB›;40274;177;95;93;93;265;7
BEYO–LU;KE«EC› P›R›;40302;879;521;86;1071;415;0
BEYO–LU;KEMANKEﬁ KARAMUSTAFAPAﬁA;40297;232;82;0;128;184;2
BEYO–LU;KILI«AL› PAﬁA;40296;221;104;15;116;202;22
BEYO–LU;KOCATEPE;40277;364;170;50;255;276;53
BEYO–LU;KULAKSIZ;40266;279;181;35;217;277;1
BEYO–LU;KULO–LU;40288;243;106;49;117;279;2
BEYO–LU;K‹«‹K P›YALE;40268;325;240;48;343;266;4
BEYO–LU;M‹EYYETZADE;40286;150;120;19;138;144;7
BEYO–LU;÷MER AVN›;40294;230;92;6;98;224;6
BEYO–LU;÷RNEKTEPE;40305;775;192;218;936;236;13
BEYO–LU;P›R›PAﬁA;40303;882;417;136;1060;374;1
BEYO–LU;P›YALEPAﬁA;40263;1554;570;12;1381;755;0
BEYO–LU;P‹RTELAﬁ HASAN EFEND›;40295;159;101;20;98;170;12
BEYO–LU;SURUR› MEHMET EFEND›;40289;365;105;5;359;114;2
BEYO–LU;S‹TL‹CE;40306;417;160;213;433;348;9
BEYO–LU;ﬁAHKULU;40284;202;87;56;130;211;4
BEYO–LU;ﬁEH›T MUHTAR;40273;420;143;40;227;354;22
BEYO–LU;TOMTOM;40287;260;107;53;186;227;7
BEYO–LU;YAHYA KAHYA;40290;311;114;7;308;124;0
BEYO–LU;YEN›ﬁEH›R;40265;283;271;101;458;195;2
B‹Y‹K«EKMECE;19.May;40850;83;260;279;434;187;1
B‹Y‹K«EKMECE;AHMED›YE;40891;1;242;71;311;2;1
B‹Y‹K«EKMECE;ALKENT 2000;40844;0;521;968;1456;13;20
B‹Y‹K«EKMECE;ATAT‹RK;40845;63;738;395;787;409;0
B‹Y‹K«EKMECE;BAH«EL›EVLER;40882;0;1106;787;1881;12;0
B‹Y‹K«EKMECE;CELAL›YE;40928;0;115;1886;1894;107;0
B‹Y‹K«EKMECE;CUMHUR›YET;40846;3;388;444;719;95;21
B‹Y‹K«EKMECE;«AKMAKLI;99334;0;279;215;469;12;13
B‹Y‹K«EKMECE;D›ZDAR›YE;40847;152;167;229;344;204;0
B‹Y‹K«EKMECE;EK›NOBA;40886;1;280;240;343;130;48
B‹Y‹K«EKMECE;FAT›H;40848;145;637;475;862;392;3
B‹Y‹K«EKMECE;G‹ZELCE;40883;0;1283;1236;2499;14;6
B‹Y‹K«EKMECE;H‹RR›YET;40889;176;910;650;1463;273;0
B‹Y‹K«EKMECE;KAM›LOBA;40929;0;52;2090;1943;196;3
B‹Y‹K«EKMECE;KARAA–A«;40849;0;273;1511;1780;4;0
B‹Y‹K«EKMECE;KUMBURGAZ;40884;0;954;556;1406;104;0
B‹Y‹K«EKMECE;M›MAR S›NAN MERKEZ;40887;298;539;493;1106;204;20
B‹Y‹K«EKMECE;M›MAROBA;140376;0;402;316;340;271;107
B‹Y‹K«EKMECE;MURAT «EﬁME;40888;9;593;483;878;188;19
B‹Y‹K«EKMECE;PINARTEPE;40868;1;611;768;1031;343;6
B‹Y‹K«EKMECE;S›NANOBA;140374;0;639;452;857;130;104
B‹Y‹K«EKMECE;T‹RKOBA;40892;45;1404;1197;2576;39;31
B‹Y‹K«EKMECE;ULUS;40890;326;738;470;1325;209;0
B‹Y‹K«EKMECE;YEN›MAHALLE;40885;0;491;207;667;31;0
«ATALCA;AKALAN;191781;0;337;72;409;0;0
«ATALCA;ATAT‹RK;40903;90;245;310;642;3;0
«ATALCA;AYDINLAR;191783;254;169;199;620;2;0
«ATALCA;BAHﬁAY›ﬁ;40902;0;6;198;204;0;0
«ATALCA;BAﬁAK;191821;68;56;86;210;0;0
«ATALCA;BELGRAT;191823;0;16;215;231;0;0
«ATALCA;CELEPK÷Y;191825;0;2;156;158;0;0
«ATALCA;«AKIL;40899;100;660;946;1706;0;0
«ATALCA;«ANAK«A;191785;81;365;726;1168;4;0
«ATALCA;«›FTL›KK÷Y;40917;145;193;506;842;2;0
«ATALCA;DA–YEN›CE;191787;43;136;210;389;0;0
«ATALCA;ELBASAN;191789;0;190;291;481;0;0
«ATALCA;FAT›H;40904;184;262;428;873;1;0
«ATALCA;FERHATPAﬁA;40897;45;813;1462;1788;532;0
«ATALCA;G÷K«EAL›;191791;0;409;312;720;0;1
«ATALCA;G‹M‹ﬁPINAR;191793;0;277;120;396;1;0
«ATALCA;HALLA«LI;191795;0;434;392;826;0;0
«ATALCA;H›SARBEYL›;191827;0;6;169;175;0;0
«ATALCA;›HSAN›YE;191797;226;354;172;742;10;0
«ATALCA;›NCE–›Z;191799;0;416;245;661;0;0
«ATALCA;›ZZETT›N;40900;0;243;703;944;2;0
«ATALCA;KABAK«A;191801;153;677;461;1291;0;0
«ATALCA;KALE›«›;40898;71;880;1051;1920;82;0
«ATALCA;KALFA;191803;87;142;173;402;0;0
«ATALCA;KARACAK÷Y MERKEZ;40916;0;25;1009;1032;2;0
«ATALCA;KARAMANDERE;191829;12;11;326;348;1;0
«ATALCA;KESTANEL›K;191805;57;412;402;861;10;0
«ATALCA;KIZILCAAL›;191807;0;0;204;198;6;0
«ATALCA;MURATBEY MERKEZ;40905;0;19;678;689;8;0
«ATALCA;NAKKAﬁ;40909;0;338;311;648;1;0
«ATALCA;OKLALI;191809;0;304;157;461;0;0
«ATALCA;ORMANLI;191831;0;8;485;492;1;0
«ATALCA;OVAYEN›CE;40901;103;289;691;1083;0;0
«ATALCA;÷RC‹NL‹;191811;0;0;421;421;0;0
«ATALCA;÷RENC›K;191813;62;62;409;532;1;0
«ATALCA;SUBAﬁI;191815;67;468;395;928;2;0
«ATALCA;YALIK÷Y;191833;0;29;855;872;12;0
«ATALCA;YAYLACIK;191817;15;11;4;30;0;0
«ATALCA;YAZLIK;191819;0;0;216;216;0;0
«EKMEK÷Y;ALEMDA–;40749;64;388;557;889;117;3
«EKMEK÷Y;AYDINLAR;40766;9;527;545;650;403;28
«EKMEK÷Y;CUMHUR›YET;40769;6;400;354;456;242;62
«EKMEK÷Y;«AMLIK;40753;5;370;563;298;634;6
«EKMEK÷Y;«ATALMEﬁE;40750;39;470;682;1010;180;1
«EKMEK÷Y;EKﬁ›O–LU;40751;14;732;325;987;82;2
«EKMEK÷Y;G‹NG÷REN;40768;18;285;245;342;178;28
«EKMEK÷Y;HAM›D›YE;40754;0;361;927;506;763;19
«EKMEK÷Y;H‹SEY›NL›;191993;38;3;482;517;3;3
«EKMEK÷Y;K›RAZLIDERE;40770;5;252;241;266;212;20
«EKMEK÷Y;KO«ULLU;191995;53;0;347;397;3;0
«EKMEK÷Y;MEHMET AK›F;40755;9;623;967;630;949;20
«EKMEK÷Y;MERKEZ;40756;58;482;1683;1662;560;1
«EKMEK÷Y;M›MAR S›NAN;40757;4;720;742;930;485;51
«EKMEK÷Y;N›ﬁANTEPE;40752;0;0;1023;962;38;23
«EKMEK÷Y;÷MERL›;40758;108;0;1602;1693;17;0
«EKMEK÷Y;REﬁAD›YE;191997;1;107;1105;1210;3;0
«EKMEK÷Y;SIRAPINAR;191999;23;0;454;475;2;0
«EKMEK÷Y;SO–UKPINAR;40767;15;433;194;472;153;17
«EKMEK÷Y;SULTAN«›FTL›–›;40764;24;324;379;452;183;92
«EKMEK÷Y;TAﬁDELEN;40765;17;126;257;202;143;55
ESENLER;B›RL›K;40348;520;839;388;703;1039;5
ESENLER;«›FTE HAVUZLAR;40340;111;61;99;213;58;0
ESENLER;DAVUTPAﬁA;40342;384;357;260;411;590;0
ESENLER;FAT›H;40350;525;1035;526;496;1588;2
ESENLER;FEVZ› «AKMAK;40345;366;601;358;221;1100;4
ESENLER;HAVAALANI;40354;367;1128;372;751;1056;60
ESENLER;KAZIM KARABEK›R;40346;405;652;442;277;1216;6
ESENLER;KEMER;40352;501;541;327;590;763;16
ESENLER;MENDERES;40347;497;516;349;260;1101;1
ESENLER;M›MAR S›NAN;40341;334;205;188;163;562;2
ESENLER;NAMIK KEMAL;40344;357;248;279;418;466;0
ESENLER;N›NE HATUN;40343;596;752;413;284;1472;5
ESENLER;ORU«RE›S;40355;369;2013;453;1313;1507;15
ESENLER;TUNA;40351;539;1122;453;924;1186;4
ESENLER;TURGUT RE›S;40353;591;1537;412;914;1617;9
ESENLER;YAVUZ SEL›M;40349;92;87;94;103;170;0
ESENYURT;AK«ABURGAZ;40880;0;657;846;1083;409;11
ESENYURT;AKEVLER;181498;0;30;92;31;72;19
ESENYURT;AKﬁEMSEDD›N;181504;2;396;114;358;138;16
ESENYURT;ARDI«LI;40861;2;480;244;586;140;0
ESENYURT;AﬁIK VEYSEL;181518;1;353;70;36;199;189
ESENYURT;ATAT‹RK;40881;0;559;387;637;303;6
ESENYURT;BA–LAR«EﬁME;40855;13;949;442;583;802;19
ESENYURT;BALIKYOLU;181510;4;736;636;754;620;2
ESENYURT;BARBAROS HAYRETT›N PAﬁA;181488;0;134;217;101;74;176
ESENYURT;BATTALGAZ›;181526;0;477;347;406;418;0
ESENYURT;CUMHUR›YET;40865;0;60;49;8;9;92
ESENYURT;«INAR;181514;0;751;393;476;649;19
ESENYURT;ESENKENT;40862;0;551;41;329;221;42
ESENYURT;FAT›H;40851;25;664;400;403;666;20
ESENYURT;G÷KEVLER;181490;0;60;59;55;10;54
ESENYURT;G‹ZELYURT;40895;12;281;284;130;414;33
ESENYURT;H‹RR›YET;181482;0;403;711;533;581;0
ESENYURT;›NC›RTEPE;40852;11;841;384;521;704;11
ESENYURT;›N÷N‹;40853;8;799;262;455;613;1
ESENYURT;›ST›KLAL;40879;26;553;626;649;555;1
ESENYURT;KOZA;181522;4;238;99;254;13;74
ESENYURT;MEHMET AK›F ERSOY;181494;2;150;434;115;462;9
ESENYURT;MEHTER«EﬁME;40854;6;616;567;378;791;20
ESENYURT;MEVLANA;181492;2;161;39;26;63;113
ESENYURT;NAMIK KEMAL;40856;112;811;272;460;725;10
ESENYURT;NEC›P FAZIL KISAK‹REK;181484;1;441;464;473;426;7
ESENYURT;ORHAN GAZ›;40863;0;416;187;394;177;32
ESENYURT;OSMANGAZ›;181480;0;1604;950;1673;880;1
ESENYURT;÷RNEK;40857;49;862;352;736;513;14
ESENYURT;PINAR;40864;5;1256;405;768;890;8
ESENYURT;P›R› RE›S;181486;0;42;144;18;63;105
ESENYURT;SAADETDERE;40858;135;641;500;471;795;10
ESENYURT;SELAHADD›N EYYUB›;181516;2;536;616;610;543;1
ESENYURT;SULTAN›YE;181508;6;418;251;252;407;16
ESENYURT;S‹LEYMAN›YE;181512;3;868;414;492;791;2
ESENYURT;ﬁEH›TLER;181524;0;548;371;478;441;0
ESENYURT;TALATPAﬁA;40859;1;711;467;493;675;11
ESENYURT;TURGUT ÷ZAL;181502;28;462;266;228;474;54
ESENYURT;‹«EVLER;181496;7;512;448;294;662;11
ESENYURT;YEN›KENT;40860;27;881;210;480;616;22
ESENYURT;YEﬁ›LKENT;40866;0;386;428;349;457;8
ESENYURT;YUNUS EMRE;181506;4;802;217;580;417;26
ESENYURT;ZAFER;181500;1;206;179;149;185;52
EY‹P;A–A«LI;191741;0;210;139;348;1;0
EY‹P;AKPINAR;191743;1;269;156;425;1;0
EY‹P;AKﬁEMSETT›N;40358;64;1501;525;1131;944;15
EY‹P;AL›BEYK÷Y;40359;874;287;384;1233;232;80
EY‹P;«IR«IR;40360;717;742;904;1436;733;194
EY‹P;«›FTALAN;191745;0;65;32;97;0;0
EY‹P;DEFTERDAR;40361;595;164;148;679;226;2
EY‹P;D‹–MEC›LER;40362;540;322;248;767;341;2
EY‹P;EMN›YETTEPE;40363;441;104;427;614;349;9
EY‹P;ESENTEPE;40364;668;81;674;758;633;32
EY‹P;G÷KT‹RK MERKEZ;40379;59;1441;1537;2343;692;2
EY‹P;G‹ZELTEPE;40366;972;374;1047;1475;849;69
EY‹P;IﬁIKLAR;191747;2;188;123;295;18;0
EY‹P;›HSAN›YE;191749;0;60;22;82;0;0
EY‹P;›SLAMBEY;40367;957;287;576;1475;345;0
EY‹P;KARADOLAP;40368;986;654;764;1676;573;155
EY‹P;MERKEZ;40365;512;176;406;787;306;1
EY‹P;M›MAR S›NAN;40369;138;345;410;830;48;15
EY‹P;M›THATPAﬁA;40370;206;473;847;1464;62;0
EY‹P;N›ﬁANCI;40371;903;448;307;1436;222;0
EY‹P;ODAYER›;191751;1;101;68;170;0;0
EY‹P;P›R›N««›;191753;195;477;248;911;9;0
EY‹P;RAM› CUMA;40372;345;158;260;347;416;0
EY‹P;RAM› YEN›;40373;438;217;324;682;294;3
EY‹P;SAKARYA;40374;774;94;288;909;227;20
EY‹P;S›LAHTARA–A;40375;652;53;336;767;267;7
EY‹P;TOP«ULAR;40376;483;305;414;1016;176;10
EY‹P;YEﬁ›LPINAR;40378;443;575;612;549;1063;18
FAT›H;AKSARAY;99127;1095;259;121;850;586;39
FAT›H;AKﬁEMSETT›N;99137;1047;436;103;149;1435;2
FAT›H;ALEMDAR;40307;294;114;17;203;221;1
FAT›H;AL› KUﬁ«U;99141;721;186;74;376;604;1
FAT›H;AT›KAL›;99140;679;167;123;371;598;0
FAT›H;AYVANSARAY;99146;2004;259;378;2231;410;0
FAT›H;BALABANA–A;40308;118;51;1;39;130;1
FAT›H;BALAT;99145;1352;231;229;1153;659;0
FAT›H;BEYAZIT;40309;297;17;64;357;21;0
FAT›H;B›NB›RD›REK;40310;173;72;40;129;154;2
FAT›H;CANKURTARAN;40311;485;83;26;542;52;0
FAT›H;CERRAHPAﬁA;99128;606;125;75;412;385;9
FAT›H;C›BAL›;99143;908;136;44;905;183;0
FAT›H;DEM›RTAﬁ;40312;248;69;6;248;73;2
FAT›H;DERV›ﬁ AL›;40422;1231;242;151;987;637;0
FAT›H;EM›N S›NAN;40313;179;132;22;120;212;1
FAT›H;HACI KADIN;40314;159;50;17;202;24;0
FAT›H;HASEK› SULTAN;99129;741;128;15;285;595;4
FAT›H;HIRKA-› ﬁER›F;99138;1224;309;52;624;960;1
FAT›H;HOBYAR;40315;162;112;74;114;221;13
FAT›H;HOCA GIYASETT›N;40316;235;43;6;272;12;0
FAT›H;HOCAPAﬁA;40317;246;93;48;169;212;6
FAT›H;›SKENDERPAﬁA;40397;840;236;128;243;959;2
FAT›H;KALENDERHANE;40319;84;22;4;102;8;0
FAT›H;KARAG‹MR‹K;99139;497;144;247;516;360;12
FAT›H;KAT›P KASIM;40320;394;114;21;328;200;1
FAT›H;KEMALPAﬁA;40318;264;94;13;78;287;6
FAT›H;KOCA MUSTAFAPAﬁA;40390;1491;214;42;854;892;1
FAT›H;K‹«‹K AYASOFYA;40321;560;93;31;628;56;0
FAT›H;MERCAN;40322;252;99;59;251;158;1
FAT›H;MES›HPAﬁA;40323;135;94;39;30;216;22
FAT›H;MEVLANAKAPI;99134;1002;222;79;757;546;0
FAT›H;M›MAR HAYRETT›N;40324;367;243;21;227;404;0
FAT›H;M›MAR KEMALETT›N;40325;270;181;31;93;370;19
FAT›H;MOLLA FENAR›;40326;317;118;56;278;213;0
FAT›H;MOLLA G‹RAN›;99136;863;221;76;168;978;14
FAT›H;MOLLA H‹SREV;40327;136;43;2;158;23;0
FAT›H;MUHS›NE HATUN;40328;317;91;14;299;123;0
FAT›H;N›ﬁANCA;40329;312;252;123;345;340;2
FAT›H;R‹STEMPAﬁA;40330;81;51;40;94;78;0
FAT›H;SARA« ›SHAK;40331;185;103;11;159;135;5
FAT›H;SARIDEM›R;40332;151;12;2;154;11;0
FAT›H;SEYY›D ÷MER;40387;1093;264;116;385;1088;0
FAT›H;S›L›VR›KAPI;99132;752;192;43;332;649;6
FAT›H;SULTAN AHMET;40333;284;28;53;349;16;0
FAT›H;SURUR›;40334;124;77;87;110;178;0
FAT›H;S‹LEYMAN›YE;40335;196;74;26;217;79;0
FAT›H;S‹MB‹L EFEND›;99131;693;138;27;389;469;0
FAT›H;ﬁEHREM›N›;99133;1074;261;122;411;1042;4
FAT›H;ﬁEHSUVAR BEY;40336;366;130;25;373;148;0
FAT›H;TAHTAKALE;40337;233;74;15;207;112;3
FAT›H;TAYA HATUN;40338;141;77;91;216;88;5
FAT›H;TOPKAPI;99135;762;153;60;567;393;15
FAT›H;YAVUZ S›NAN;40339;170;19;1;186;4;0
FAT›H;YAVUZ SULTAN SEL›M;99144;1069;216;227;828;684;0
FAT›H;YED›KULE;99130;1379;26;33;914;524;0
FAT›H;ZEYREK;99142;841;197;123;504;657;0
GAZ›OSMANPAﬁA;BA–LARBAﬁI;40454;1048;231;448;924;799;4
GAZ›OSMANPAﬁA;BARBAROS HAYRETT›N PAﬁA;40459;874;1343;630;1101;1744;2
GAZ›OSMANPAﬁA;FEVZ› «AKMAK;40457;412;313;300;449;570;6
GAZ›OSMANPAﬁA;H‹RR›YET;40458;629;588;341;488;1070;0
GAZ›OSMANPAﬁA;KARADEN›Z;40464;828;1434;1010;1083;2189;0
GAZ›OSMANPAﬁA;KARAYOLLARI;40463;443;1203;748;1439;918;37
GAZ›OSMANPAﬁA;KARLITEPE;40451;542;143;395;540;533;7
GAZ›OSMANPAﬁA;KAZIM KARABEK›R;40461;520;940;661;677;1436;8
GAZ›OSMANPAﬁA;MERKEZ;40455;1092;543;719;1276;1071;7
GAZ›OSMANPAﬁA;MEVLANA;40462;39;397;278;165;534;15
GAZ›OSMANPAﬁA;PAZAR›«›;40450;976;141;297;1146;267;1
GAZ›OSMANPAﬁA;SARIG÷L;40453;1531;139;524;1553;626;15
GAZ›OSMANPAﬁA;ﬁEMS›PAﬁA;40456;546;338;422;451;855;0
GAZ›OSMANPAﬁA;YEN› MAHALLE;40460;794;506;684;990;984;10
GAZ›OSMANPAﬁA;YEN›DO–AN;40452;1019;45;211;1157;117;1
GAZ›OSMANPAﬁA;YILDIZTABYA;40449;1493;71;454;1479;539;0
G‹NG÷REN;ABDURRAHMAN NAF›Z G‹RMAN;40504;247;241;37;138;314;73
G‹NG÷REN;AKINCILAR;40497;121;522;46;56;632;1
G‹NG÷REN;GEN«OSMAN;40498;109;925;213;410;824;13
G‹NG÷REN;G‹NEﬁTEPE;40499;265;1207;195;253;1409;5
G‹NG÷REN;G‹VEN;40500;259;360;24;34;606;3
G‹NG÷REN;HAZNEDAR;40501;442;343;27;37;773;2
G‹NG÷REN;MAREﬁAL «AKMAK;40502;246;784;67;74;1022;1
G‹NG÷REN;MEHMET NES›H ÷ZMEN;40506;90;681;117;411;474;3
G‹NG÷REN;MERKEZ;40496;334;982;185;118;1372;11
G‹NG÷REN;SANAY›;40503;253;868;139;396;863;1
G‹NG÷REN;TOZKOPARAN;40505;147;374;64;275;288;22
KADIK÷Y;19.May;40528;224;401;329;240;351;363
KADIK÷Y;ACIBADEM;40509;554;413;353;368;895;57
KADIK÷Y;BOSTANCI;40523;619;264;482;397;522;446
KADIK÷Y;CADDEBOSTAN;40521;488;202;339;292;350;387
KADIK÷Y;CAFERA–A;40512;1552;237;461;600;1636;14
KADIK÷Y;DUMLUPINAR;40518;418;250;123;568;176;47
KADIK÷Y;E–›T›M;40516;747;234;348;949;293;87
KADIK÷Y;ERENK÷Y;40524;490;219;354;234;328;501
KADIK÷Y;FENERBAH«E;40514;504;168;443;406;357;352
KADIK÷Y;FENERYOLU;40515;518;130;227;200;337;338
KADIK÷Y;F›K›RTEPE;40517;628;204;203;818;198;19
KADIK÷Y;G÷ZTEPE;40520;699;202;453;287;510;557
KADIK÷Y;HASANPAﬁA;40510;704;280;298;580;697;5
KADIK÷Y;KOﬁUYOLU;40508;610;162;372;941;197;6
KADIK÷Y;KOZYATA–I;40529;301;394;314;163;357;489
KADIK÷Y;MERD›VENK÷Y;40519;747;526;294;691;575;301
KADIK÷Y;OSMANA–A;40511;794;354;373;422;1092;7
KADIK÷Y;RAS›MPAﬁA;40507;979;358;272;520;1081;8
KADIK÷Y;SAHRAYICED›T;40525;269;405;179;163;371;319
KADIK÷Y;SUAD›YE;40522;628;165;425;324;467;427
KADIK÷Y;Z‹HT‹PAﬁA;40513;343;43;141;260;200;67
KA–ITHANE;«A–LAYAN;40535;957;417;771;1052;1056;37
KA–ITHANE;«EL›KTEPE;40536;984;685;557;1027;1194;5
KA–ITHANE;EMN›YET EVLER›;40537;208;146;130;167;313;4
KA–ITHANE;G‹LTEPE;40538;406;683;61;526;621;3
KA–ITHANE;G‹RSEL;40539;858;682;472;1033;962;17
KA–ITHANE;HAM›D›YE;40541;179;802;339;559;611;150
KA–ITHANE;HARMANTEPE;40540;600;830;304;956;774;4
KA–ITHANE;H‹RR›YET;40542;878;463;265;807;781;18
KA–ITHANE;MEHMET AK›F ERSOY;40544;551;322;89;600;362;0
KA–ITHANE;MERKEZ;40543;576;847;473;895;919;82
KA–ITHANE;NURTEPE;40545;546;651;267;819;620;25
KA–ITHANE;ORTABAYIR;40546;726;702;107;630;893;12
KA–ITHANE;SEYRANTEPE;40548;449;540;478;647;798;22
KA–ITHANE;SULTAN SEL›M;40547;808;1047;255;712;1385;13
KA–ITHANE;ﬁ›R›NTEPE;40549;511;657;138;609;692;5
KA–ITHANE;TALATPAﬁA;40550;1166;946;232;1298;1037;9
KA–ITHANE;TELS›ZLER;40551;474;325;165;496;461;7
KA–ITHANE;YAHYA KEMAL;40552;508;503;252;795;465;3
KA–ITHANE;YEﬁ›LCE;40553;428;629;58;540;572;3
KARTAL;ATALAR;40554;490;712;321;506;900;117
KARTAL;CEV›ZL›;40555;655;721;259;787;802;46
KARTAL;CUMHUR›YET;40556;374;903;503;1140;607;33
KARTAL;«AVUﬁO–LU;40558;582;549;201;880;392;60
KARTAL;ESENTEPE;40559;672;1122;446;1390;797;53
KARTAL;G‹M‹ﬁPINAR;40560;301;813;339;830;566;57
KARTAL;H‹RR›YET;40561;908;2020;784;2645;984;83
KARTAL;KARLIKTEPE;40562;686;570;549;774;934;97
KARTAL;KORDONBOYU;40563;208;324;200;253;390;89
KARTAL;ORHANTEPE;40564;802;994;267;1318;686;59
KARTAL;ORTA;40565;278;479;326;462;595;26
KARTAL;PETROL ›ﬁ;40566;382;688;202;329;796;147
KARTAL;SO–ANLIK YEN›;40567;488;687;366;811;676;54
KARTAL;TOPSELV›;40568;569;423;151;803;331;9
KARTAL;U–UR MUMCU;40569;5;570;112;148;168;371
KARTAL;YAKACIK «ARSI;40557;317;736;583;1212;369;55
KARTAL;YAKACIK YEN›;40570;48;736;300;775;248;61
KARTAL;YALI;40571;491;343;96;588;332;10
KARTAL;YUKARI;40572;293;240;74;263;317;27
KARTAL;YUNUS;40573;662;856;186;1318;365;21
K‹«‹K«EKMECE;ATAKENT;40582;6;210;962;283;337;558
K‹«‹K«EKMECE;ATAT‹RK;40591;317;2060;664;1765;1268;8
K‹«‹K«EKMECE;BEﬁYOL;40603;45;66;118;100;122;7
K‹«‹K«EKMECE;CENNET;40607;367;413;431;579;632;0
K‹«‹K«EKMECE;CUMHUR›YET;40601;615;934;732;1257;1000;24
K‹«‹K«EKMECE;FAT›H;40606;268;143;213;412;185;27
K‹«‹K«EKMECE;FEVZ› «AKMAK;40596;604;790;334;889;815;24
K‹«‹K«EKMECE;G‹LTEPE;40589;213;486;823;502;1020;0
K‹«‹K«EKMECE;HALKALI MERKEZ;40590;283;2295;1097;1991;1566;118
K‹«‹K«EKMECE;›N÷N‹;40592;436;2409;1026;2279;1532;60
K‹«‹K«EKMECE;›STASYON;40605;575;1037;658;1481;678;111
K‹«‹K«EKMECE;KANARYA;40604;1042;1553;873;1991;1454;23
K‹«‹K«EKMECE;KARTALTEPE;40588;340;473;313;761;365;0
K‹«‹K«EKMECE;KEMALPAﬁA;40594;232;470;129;324;507;0
K‹«‹K«EKMECE;MEHMET AK›F;40586;172;2178;687;1650;1380;7
K‹«‹K«EKMECE;S÷–‹TL‹ «EﬁME;40587;776;1273;516;1603;960;2
K‹«‹K«EKMECE;SULTAN MURAT;40595;245;424;271;543;397;0
K‹«‹K«EKMECE;TEVF›KBEY;40593;454;1024;574;1099;920;33
K‹«‹K«EKMECE;YARIMBURGAZ;40599;91;938;268;1160;137;0
K‹«‹K«EKMECE;YEN› MAHALLE;40600;333;425;473;670;560;1
K‹«‹K«EKMECE;YEﬁ›LOVA;40602;121;1020;818;1232;727;0
MALTEPE;ALTAY«EﬁME;40612;249;679;144;359;554;159
MALTEPE;ALTINTEPE;40613;315;878;86;333;924;22
MALTEPE;AYDINEVLER;40617;83;722;220;580;428;17
MALTEPE;BA–LARBAﬁI;40615;854;1183;187;962;1128;134
MALTEPE;BAﬁIB‹Y‹K;40625;583;1522;336;2122;292;27
MALTEPE;B‹Y‹KBAKKALK÷Y;40624;105;383;367;803;47;5
MALTEPE;CEV›ZL›;40614;481;1390;233;1070;948;86
MALTEPE;«INAR;40608;208;524;43;252;523;0
MALTEPE;ESENKENT;40620;531;1413;71;1535;480;0
MALTEPE;FEYZULLAH;40610;366;472;52;287;509;94
MALTEPE;FINDIKLI;40619;91;1317;819;621;1550;56
MALTEPE;G›RNE;40618;18;587;124;405;243;81
MALTEPE;G‹LENSU;40622;722;1937;183;2712;130;0
MALTEPE;G‹LSUYU;40621;802;1249;129;1934;233;13
MALTEPE;›DEALTEPE;40609;129;688;126;371;568;4
MALTEPE;K‹«‹KYALI MERKEZ;40611;390;625;99;433;678;3
MALTEPE;YALI;40616;303;559;100;638;247;77
MALTEPE;Z‹MR‹TEVLER;40623;311;2016;738;1229;1588;248
PEND›K;AHMET YESEV›;40632;27;1294;524;1254;578;13
PEND›K;BAH«EL›EVLER;40628;284;347;426;673;345;39
PEND›K;BALLICA;191755;14;117;197;327;1;0
PEND›K;BATI;40633;231;361;339;338;589;4
PEND›K;«AM«EﬁME;40649;413;1105;321;910;906;23
PEND›K;«AMLIK;40656;0;365;663;854;117;57
PEND›K;«INARDERE;40644;498;618;319;1063;357;15
PEND›K;DO–U;40627;111;479;347;366;496;75
PEND›K;DUMLUPINAR;40626;859;879;513;1721;514;16
PEND›K;EM›RL›;191757;19;88;149;253;3;0
PEND›K;ERTU–RUL GAZ›;40635;2;2876;407;3265;20;0
PEND›K;ESENLER;40638;103;747;771;830;754;37
PEND›K;ESENYALI;40643;124;616;245;195;224;566
PEND›K;FAT›H;40647;129;977;358;897;564;3
PEND›K;FEVZ› «AKMAK;40629;467;1063;593;1140;946;37
PEND›K;G÷«BEYL›;191759;0;11;674;684;1;0
PEND›K;G‹LL‹ BA–LAR;40640;69;943;295;1014;283;10
PEND›K;G‹ZELYALI;40634;148;850;840;446;603;789
PEND›K;HARMANDERE;40636;90;198;156;348;36;60
PEND›K;KAVAKPINAR;40646;305;3558;850;3313;1378;22
PEND›K;KAYNARCA;40631;392;1167;943;964;1426;112
PEND›K;KURNA;191761;79;206;279;563;1;0
PEND›K;KURTDO–MUﬁ;191763;13;103;239;355;0;0
PEND›K;KURTK÷Y;40654;164;725;723;1014;487;111
PEND›K;ORHANGAZ›;40650;192;1276;448;1118;795;3
PEND›K;ORTA;40645;343;229;116;583;104;1
PEND›K;RAMAZANO–LU;40639;61;570;635;1177;86;3
PEND›K;SANAY›;40651;29;333;418;709;63;8
PEND›K;SAPAN BA–LARI;40637;356;319;244;643;243;33
PEND›K;S‹L‹NTEPE;40655;44;1645;673;2070;240;52
PEND›K;ﬁEYHL›;40630;117;462;527;732;319;55
PEND›K;VEL›BABA;40642;228;1469;1043;2139;575;26
PEND›K;YAYALAR;40641;167;634;265;887;165;14
PEND›K;YEN›;40652;403;405;343;793;312;46
PEND›K;YEN›ﬁEH›R;40653;1;696;829;792;336;398
PEND›K;YEﬁ›LBA–LAR;40648;221;156;189;393;161;12
SANCAKTEPE;ABDURRAHMANGAZ›;40579;41;1025;1371;1673;743;21
SANCAKTEPE;AKPINAR;40575;1;1351;532;1527;357;0
SANCAKTEPE;ATAT‹RK;98781;54;1110;713;1068;809;0
SANCAKTEPE;EMEK;40759;4;843;694;903;602;36
SANCAKTEPE;EY‹P SULTAN;40578;68;615;986;1093;571;5
SANCAKTEPE;FAT›H;40576;8;839;986;1123;679;31
SANCAKTEPE;H›LAL;40776;1;422;469;874;18;0
SANCAKTEPE;›N÷N‹;40760;20;608;699;541;786;0
SANCAKTEPE;KEMAL T‹RKLER;40761;24;679;579;761;519;2
SANCAKTEPE;MECL›S;40762;53;660;761;567;907;0
SANCAKTEPE;MERVE;40775;2;660;848;1093;412;5
SANCAKTEPE;MEVLANA;40773;1;814;602;1151;264;2
SANCAKTEPE;OSMANGAZ›;40580;25;1906;1282;2477;704;32
SANCAKTEPE;PAﬁAK÷Y;192001;99;151;445;686;9;0
SANCAKTEPE;SAFA;40771;1;515;605;736;366;19
SANCAKTEPE;SARIGAZ›;40763;41;737;543;750;571;0
SANCAKTEPE;VEYSEL KARAN›;40574;5;1298;517;1459;328;33
SANCAKTEPE;YEN›DO–AN;40774;6;814;613;995;425;13
SANCAKTEPE;YUNUS EMRE;40772;6;826;715;1152;389;6
SARIYER;AYAZA–A;40686;733;1198;707;2017;562;59
SARIYER;BAH«EK÷Y KEMER;40684;73;140;95;269;36;3
SARIYER;BAH«EK÷Y MERKEZ;40682;132;102;63;211;84;2
SARIYER;BAH«EK÷Y YEN›;40683;96;168;117;276;99;6
SARIYER;BALTAL›MANI;40657;268;593;364;1204;19;2
SARIYER;B‹Y‹KDERE;40658;552;885;353;1688;102;0
SARIYER;CUMHUR›YET;40659;425;780;313;1400;118;0
SARIYER;«AMLITEPE;40660;441;233;243;850;67;0
SARIYER;«AYIRBAﬁI;40661;340;347;182;844;25;0
SARIYER;DAR‹ﬁﬁAFAKA;40662;25;237;76;174;162;2
SARIYER;DEM›RC›K÷Y;191765;6;392;318;715;1;0
SARIYER;EM›RGAN;40663;406;281;363;973;77;0
SARIYER;FAT›H SULTAN MEHMET;40664;255;1782;800;2762;75;0
SARIYER;FERAHEVLER;40665;546;961;534;1777;263;1
SARIYER;GAR›P«E;191767;19;76;54;146;3;0
SARIYER;G‹M‹ﬁDERE;191769;17;352;409;766;12;0
SARIYER;HUZUR;40700;212;161;178;368;106;77
SARIYER;›ST›NYE;40666;432;378;688;1261;237;0
SARIYER;KAZIM KARABEK›R PAﬁA;40667;430;807;304;1508;31;2
SARIYER;KISIRKAYA;191771;0;121;92;213;0;0
SARIYER;K›RE«BURNU;40668;380;384;224;917;71;0
SARIYER;KOCATAﬁ;40669;228;484;258;968;2;0
SARIYER;KUMK÷Y (K›LYOS);191773;0;544;766;1288;22;0
SARIYER;MADEN;40670;513;991;743;2162;85;0
SARIYER;MASLAK;40704;115;180;347;564;54;24
SARIYER;PINAR;40672;378;298;854;1424;106;0
SARIYER;POL›GON;40673;210;148;360;649;69;0
SARIYER;PTT EVLER›;40674;162;257;137;479;77;0
SARIYER;REﬁ›TPAﬁA;40675;1225;637;822;2464;215;5
SARIYER;RUMEL› H›SARI;40676;558;407;385;1071;276;3
SARIYER;RUMEL› KAVA–I;40677;319;265;181;709;56;0
SARIYER;RUMEL›FENER›;191775;3;353;345;684;17;0
SARIYER;SARIYER MERKEZ;40671;715;781;372;1593;275;0
SARIYER;TARABYA;40678;365;1330;599;2009;284;1
SARIYER;USKUMRUK÷Y;191777;38;1277;1397;2710;2;0
SARIYER;YEN›;40679;318;240;154;667;45;0
SARIYER;YEN›K÷Y;40680;904;950;591;2140;299;6
SARIYER;ZEKER›YAK÷Y;191779;57;1639;1517;2915;297;1
S›L›VR›;AK÷REN;191835;0;695;440;1129;6;0
S›L›VR›;AL›BEY;40920;1;268;668;353;574;10
S›L›VR›;AL›PAﬁA;40927;0;456;472;925;3;0
S›L›VR›;BALABAN;40930;17;1842;977;2788;48;0
S›L›VR›;BEK›RL›;191845;109;56;109;274;0;0
S›L›VR›;BEYC›LER;191847;0;565;259;824;0;0
S›L›VR›;B‹Y‹K «AVUﬁLU;40941;0;1107;455;1553;5;4
S›L›VR›;B‹Y‹K KILI«LI;16775;0;557;351;905;3;0
S›L›VR›;B‹Y‹K S›NEKL›;16771;0;238;86;324;0;0
S›L›VR›;CUMHUR›YET;40922;0;1541;1015;2431;125;0
S›L›VR›;«AYIRDERE;191851;316;328;417;1061;0;0
S›L›VR›;«ELT›K;191837;0;602;265;861;6;0
S›L›VR›;DANAMANDIRA;191853;0;342;160;501;1;0
S›L›VR›;FAT›H;40918;5;357;314;465;211;0
S›L›VR›;FENER;16765;312;621;446;1376;3;0
S›L›VR›;FEVZ›PAﬁA;40933;14;590;474;1061;16;1
S›L›VR›;GAZ›TEPE;40925;0;526;228;752;2;0
S›L›VR›;G‹M‹ﬁYAKA;40935;0;2966;1610;4502;74;0
S›L›VR›;H‹RR›YET;40937;0;0;910;904;6;0
S›L›VR›;›SMETPAﬁA;40934;149;504;401;1048;6;0
S›L›VR›;KADIK÷Y;40939;281;354;294;929;0;0
S›L›VR›;KAVAKLI;40936;0;0;943;927;16;0
S›L›VR›;KURFALLI;191855;1;350;148;497;1;1
S›L›VR›;K‹«‹K KILI«LI;40924;0;124;117;241;0;0
S›L›VR›;K‹«‹K S›NEKL›;16779;0;88;13;101;0;0
S›L›VR›;M›MAR S›NAN;40923;0;1899;1315;3105;105;4
S›L›VR›;ORTAK÷Y;40938;116;859;1002;1950;23;4
S›L›VR›;P›R› MEHMET PAﬁA;40919;0;241;527;310;439;19
S›L›VR›;SANCAKTEPE;40931;17;1172;914;1996;102;5
S›L›VR›;SAYALAR;191859;0;319;251;570;0;0
S›L›VR›;SEL›MPAﬁA;40940;0;1371;3583;4723;231;0
S›L›VR›;SEM›ZKUMLAR;40926;0;2739;2671;5369;39;2
S›L›VR›;SEYMEN;191841;0;562;340;895;7;0
S›L›VR›;YEN›;40921;0;751;1085;1385;348;103
S›L›VR›;YOL«ATI;40932;0;302;124;426;0;0
SULTANBEYL›;ABDURRAHMANGAZ›;40949;117;2143;669;2481;436;12
SULTANBEYL›;AD›L;40943;2;719;538;939;290;30
SULTANBEYL›;AHMET YESEV›;40942;22;2165;619;2407;392;7
SULTANBEYL›;AKﬁEMSETT›N;40956;1;944;681;1534;92;0
SULTANBEYL›;BATTALGAZ›;40944;3;2151;1213;3007;345;15
SULTANBEYL›;FAT›H;40951;0;1702;416;1970;148;0
SULTANBEYL›;HAM›D›YE;40952;3;1923;786;2572;140;0
SULTANBEYL›;HASANPAﬁA;40948;5;1112;651;1512;248;8
SULTANBEYL›;MEC›D›YE;40945;12;1828;646;2230;254;2
SULTANBEYL›;MEHMET AK›F;40950;265;1791;733;2298;487;4
SULTANBEYL›;M›MAR S›NAN;40946;1;1100;1184;2150;121;14
SULTANBEYL›;NEC›P FAZIL;40954;0;1174;797;1900;70;1
SULTANBEYL›;ORHANGAZ›;40955;0;1034;556;1538;52;0
SULTANBEYL›;TURGUT RE›S;40947;27;1368;463;1513;344;1
SULTANBEYL›;YAVUZ SEL›M;40953;0;1662;685;2268;79;0
SULTANGAZ›;50. YIL;40471;212;2975;926;1346;2765;2
SULTANGAZ›;75. YIL;40467;207;529;676;341;1071;0
SULTANGAZ›;CEBEC›;40474;512;2700;1307;2258;2258;3
SULTANGAZ›;CUMHUR›YET;40465;61;423;193;170;507;0
SULTANGAZ›;ESENTEPE;40470;95;2026;1414;1552;1978;5
SULTANGAZ›;ESK› HAB›PLER;40356;117;257;395;601;148;20
SULTANGAZ›;GAZ›;40469;764;673;650;1290;797;0
SULTANGAZ›;HAB›BLER;40477;161;891;851;1877;24;2
SULTANGAZ›;›SMETPAﬁA;40475;399;1735;911;1047;1996;2
SULTANGAZ›;MALKO«O–LU;40476;1;531;236;279;489;0
SULTANGAZ›;SULTAN«›FTL›–›;40472;385;1143;675;813;1388;2
SULTANGAZ›;U–UR MUMCU;40473;421;1398;738;951;1598;8
SULTANGAZ›;YAYLA;40377;33;823;491;1307;40;0
SULTANGAZ›;YUNUS EMRE;40466;362;649;905;627;1289;0
SULTANGAZ›;Z‹BEYDE HANIM;40468;772;1668;656;2358;738;0
ﬁ›LE;A–A«DERE;191927;5;60;15;80;0;0
ﬁ›LE;A–VA MERKEZ;40961;200;508;151;844;15;0
ﬁ›LE;AHMETL›;191861;20;519;324;846;17;0
ﬁ›LE;AK«AKESE;191863;5;338;27;368;2;0
ﬁ›LE;ALACALI;191947;0;36;512;548;0;0
ﬁ›LE;AVCIKORU;191949;29;72;26;127;0;0
ﬁ›LE;BAL›BEY;40960;47;939;831;1781;36;0
ﬁ›LE;BI«KIDERE;191951;37;130;18;185;0;0
ﬁ›LE;BOZGOCA;16785;4;79;13;96;0;0
ﬁ›LE;BUCAKLI;191897;38;208;39;284;1;0
ﬁ›LE;«ATAKLI;191899;47;46;25;118;0;0
ﬁ›LE;«AVUﬁ;40959;171;1156;451;1586;192;0
ﬁ›LE;«AYIRBAﬁI;191867;0;415;148;557;6;0
ﬁ›LE;«ELEB›;191901;0;114;39;153;0;0
ﬁ›LE;«ENG›LL›;191929;0;95;12;107;0;0
ﬁ›LE;DARLIK;191869;0;42;17;59;0;0
ﬁ›LE;DE–›RMEN«AYIRI;191931;0;225;101;326;0;0
ﬁ›LE;DO–ANCILI;191953;0;0;714;710;4;0
ﬁ›LE;ERENLER;191871;0;41;6;47;0;0
ﬁ›LE;ESENCEL›;191955;8;25;16;49;0;0
ﬁ›LE;GEREDEL›;191903;24;454;103;581;0;0
ﬁ›LE;G÷«E;191905;62;213;63;337;1;0
ﬁ›LE;G÷KMAﬁLI;16807;49;94;8;151;0;0
ﬁ›LE;G÷KSU;191909;48;130;24;202;0;0
ﬁ›LE;HACI KASIM;40958;82;173;19;240;34;0
ﬁ›LE;HACILLI;191911;4;101;18;123;0;0
ﬁ›LE;HASANLI;191933;1;122;33;156;0;0
ﬁ›LE;›MRENDERE;191873;0;384;29;411;2;0
ﬁ›LE;›MRENL›;191875;7;358;126;487;4;0
ﬁ›LE;›SAK÷Y;191913;45;51;30;126;0;0
ﬁ›LE;KABAKOZ;191877;7;444;185;631;5;0
ﬁ›LE;KADIK÷Y;191915;0;83;11;94;0;0
ﬁ›LE;KALEM;191917;55;116;26;197;0;0
ﬁ›LE;KARABEYL›;191879;1;116;15;131;1;0
ﬁ›LE;KARACAK÷Y;191881;4;205;61;268;2;0
ﬁ›LE;KARAK›RAZ;191957;12;182;45;239;0;0
ﬁ›LE;KARAMANDERE;191883;6;127;26;159;0;0
ﬁ›LE;KERVANSARAY;191959;15;118;24;157;0;0
ﬁ›LE;KIZILCA;191885;140;158;83;370;11;0
ﬁ›LE;KORUCU;191887;3;105;22;130;0;0
ﬁ›LE;K÷M‹RL‹K;191961;27;72;12;111;0;0
ﬁ›LE;KUMBABA;40957;0;717;422;1137;2;0
ﬁ›LE;KURFALLI;191919;0;50;236;285;1;0
ﬁ›LE;KURNA;191963;16;201;37;253;1;0
ﬁ›LE;MEﬁRUT›YET;191889;2;262;109;364;9;0
ﬁ›LE;ORU«O–LU;191965;47;124;22;193;0;0
ﬁ›LE;OSMANK÷Y;191935;6;118;14;138;0;0
ﬁ›LE;OVACIK;191891;2;71;24;97;0;0
ﬁ›LE;SAH›LK÷Y;191967;4;10;977;991;0;0
ﬁ›LE;SATMAZLI;191893;3;196;42;241;0;0
ﬁ›LE;SOFULAR;191969;12;125;72;209;0;0
ﬁ›LE;SO–ULLU;191921;68;59;8;135;0;0
ﬁ›LE;SORTULLU;191937;0;48;4;52;0;0
ﬁ›LE;ﬁUAY›PL›;191923;37;69;125;231;0;0
ﬁ›LE;TEKE;16816;3;226;36;265;0;0
ﬁ›LE;ULUPEL›T;191971;0;139;29;168;0;0
ﬁ›LE;‹VEZL›;191973;5;161;84;250;0;0
ﬁ›LE;YAKA;191939;0;85;18;103;0;0
ﬁ›LE;YAYLALI;191941;0;48;9;56;1;0
ﬁ›LE;YAZIMANAYIR;191943;4;107;11;122;0;0
ﬁ›LE;YEN›K÷Y;191895;0;142;15;156;1;0
ﬁ›LE;YEﬁ›LVAD›;191945;5;111;20;136;0;0
ﬁ›ﬁL›;19.May;40685;389;190;49;90;437;101
ﬁ›ﬁL›;BOZKURT;40687;480;377;32;148;710;31
ﬁ›ﬁL›;CUMHUR›YET;40688;278;241;56;94;425;56
ﬁ›ﬁL›;DUATEPE;40689;264;291;18;69;496;8
ﬁ›ﬁL›;ERGENEKON;40690;165;272;22;193;190;76
ﬁ›ﬁL›;ESENTEPE;40691;486;194;88;319;351;98
ﬁ›ﬁL›;ESK›ﬁEH›R;40692;502;523;97;510;595;17
ﬁ›ﬁL›;FER›K÷Y;40693;383;377;88;148;693;7
ﬁ›ﬁL›;FULYA;40694;426;379;63;126;656;86
ﬁ›ﬁL›;G‹LBAHAR;40695;437;429;89;216;618;121
ﬁ›ﬁL›;HALASKARGAZ›;40698;230;91;34;55;261;39
ﬁ›ﬁL›;HAL›DE ED›P ADIVAR;40696;240;454;90;210;537;37
ﬁ›ﬁL›;HAL›L RIFAT PAﬁA;40697;83;249;49;258;123;0
ﬁ›ﬁL›;HARB›YE;40699;142;129;53;116;159;49
ﬁ›ﬁL›;›N÷N‹;40711;411;320;56;470;270;47
ﬁ›ﬁL›;›ZZET PAﬁA;40712;345;242;16;199;389;15
ﬁ›ﬁL›;KAPTANPAﬁA;40701;49;30;22;54;23;24
ﬁ›ﬁL›;KUﬁTEPE;40702;993;701;66;1335;404;21
ﬁ›ﬁL›;MAHMUT ﬁEVKET PAﬁA;40703;606;502;40;335;795;18
ﬁ›ﬁL›;MEC›D›YEK÷Y;40705;612;437;46;306;694;95
ﬁ›ﬁL›;MERKEZ;40706;839;451;89;301;1007;71
ﬁ›ﬁL›;MEﬁRUT›YET;40707;600;300;41;96;764;81
ﬁ›ﬁL›;PAﬁA;40708;682;618;221;891;623;7
ﬁ›ﬁL›;TEﬁV›K›YE;40709;449;369;58;145;656;75
ﬁ›ﬁL›;YAYLA;40710;510;321;118;553;391;5
TUZLA;AKFIRAT;40725;0;0;480;475;5;0
TUZLA;ANADOLU;40730;0;40;160;193;7;0
TUZLA;AYDINLI;40720;158;2730;2258;4130;844;172
TUZLA;AYDINTEPE;40717;140;699;615;744;592;118
TUZLA;CAM›;40724;170;457;283;809;100;1
TUZLA;EVL›YA «ELEB›;40718;88;590;554;871;360;1
TUZLA;FAT›H;40731;0;61;271;303;29;0
TUZLA;›«MELER;40716;269;713;198;908;271;1
TUZLA;›STASYON;40723;301;398;664;894;469;0
TUZLA;MESC›T;40732;13;41;638;625;67;0
TUZLA;M›MAR S›NAN;40721;240;1582;490;1998;262;52
TUZLA;ORHANLI;40728;81;89;1675;1693;148;4
TUZLA;ORTA;40729;2;11;967;762;216;2
TUZLA;POSTANE;40719;719;1416;1223;3061;288;9
TUZLA;ﬁ›FA;40722;234;1538;584;1844;483;29
TUZLA;TEPE÷REN;40726;78;188;2515;2699;81;1
TUZLA;YAYLA;40715;387;583;740;1105;598;7
‹MRAN›YE;ADEM YAVUZ;98684;390;927;342;1383;254;22
‹MRAN›YE;ALTINﬁEH›R;98685;180;1020;647;938;895;14
‹MRAN›YE;ARMA–ANEVLER;98686;240;499;947;562;1002;122
‹MRAN›YE;AﬁA–I DUDULLU;40742;111;845;408;1113;224;27
‹MRAN›YE;ATAKENT;40748;24;548;416;656;290;42
‹MRAN›YE;ATAT‹RK;40735;366;518;465;519;770;60
‹MRAN›YE;CEM›L MER›«;98688;325;2024;531;2618;241;21
‹MRAN›YE;«AKMAK;40738;150;464;908;394;1071;57
‹MRAN›YE;«AMLIK;98689;4;344;625;277;613;83
‹MRAN›YE;DUMLUPINAR;98690;276;1674;517;2417;49;1
‹MRAN›YE;ELMALIKENT;98691;90;1589;399;1816;220;42
‹MRAN›YE;ESENEVLER;98692;74;473;610;374;727;56
‹MRAN›YE;ESENKENT;98709;40;997;1017;1434;601;19
‹MRAN›YE;ESENﬁEH›R;40747;157;894;601;1077;553;22
‹MRAN›YE;FAT›H SULTAN MEHMET;98693;15;57;147;107;94;18
‹MRAN›YE;HEK›MBAﬁI;40744;197;1140;360;1678;18;1
‹MRAN›YE;HUZUR;98694;37;798;395;1089;137;4
‹MRAN›YE;IHLAMURKUYU;40745;398;846;402;1249;379;18
‹MRAN›YE;›NKILAP;40737;240;1498;755;2020;379;94
‹MRAN›YE;›ST›KLAL;40739;103;918;827;505;1266;77
‹MRAN›YE;KAZIM KARABEK›R;40743;562;1465;402;2243;183;3
‹MRAN›YE;MADENLER;98695;5;397;532;621;276;37
‹MRAN›YE;MEHMET AK›F;98696;5;165;507;136;375;166
‹MRAN›YE;NAMIK KEMAL;40736;366;631;553;656;862;32
‹MRAN›YE;NEC›P FAZIL;98699;30;1163;790;1362;541;80
‹MRAN›YE;PARSELLER;98700;2;679;641;1083;222;17
‹MRAN›YE;SARAY;98701;43;71;254;293;40;35
‹MRAN›YE;S›TE;98702;276;610;570;986;349;121
‹MRAN›YE;ﬁER›FAL›;98703;7;280;679;508;391;67
‹MRAN›YE;TANTAV›;98704;36;200;191;166;234;27
‹MRAN›YE;TATLISU;98705;8;260;421;279;221;189
‹MRAN›YE;TEPE‹ST‹;98706;201;499;225;544;364;17
‹MRAN›YE;TOPA–ACI;98707;260;2051;611;2868;54;0
‹MRAN›YE;YAMANEVLER;98708;163;352;334;404;434;11
‹MRAN›YE;YUKARI DUDULLU;40741;67;1383;856;1524;762;20
‹SK‹DAR;ACIBADEM;40778;268;412;146;92;690;44
‹SK‹DAR;AHMED›YE;98664;203;324;69;143;450;3
‹SK‹DAR;ALTUN›ZADE;40781;173;461;195;353;413;63
‹SK‹DAR;AZ›Z MAHMUT H‹DAY›;98665;416;348;62;394;428;4
‹SK‹DAR;BAH«EL›EVLER;40785;569;1254;417;1944;295;1
‹SK‹DAR;BARBAROS;40786;181;400;60;270;349;22
‹SK‹DAR;BEYLERBEY›;40787;540;215;157;773;139;0
‹SK‹DAR;BULGURLU;40788;124;1076;160;386;928;46
‹SK‹DAR;BURHAN›YE;40789;501;831;332;1153;510;1
‹SK‹DAR;CUMHUR›YET;40790;230;1119;523;460;1390;22
‹SK‹DAR;«ENGELK÷Y;98666;713;847;259;1432;384;3
‹SK‹DAR;FERAH;40794;204;775;315;815;479;0
‹SK‹DAR;G‹ZELTEPE;40797;423;727;251;1092;308;1
‹SK‹DAR;›CAD›YE;40802;685;580;97;478;883;1
‹SK‹DAR;KAND›LL›;40806;211;279;86;554;22;0
‹SK‹DAR;KISIKLI;40809;256;991;315;938;611;13
‹SK‹DAR;K›RAZLITEPE;40808;733;580;191;1361;143;0
‹SK‹DAR;KULEL›;40810;251;188;36;461;14;0
‹SK‹DAR;KUZGUNCUK;40811;304;574;184;935;127;0
‹SK‹DAR;K‹«‹K«AMLICA;98667;243;790;458;1267;222;2
‹SK‹DAR;K‹«‹KSU;40812;291;904;239;1056;377;1
‹SK‹DAR;K‹PL‹CE;40813;717;744;148;1201;408;0
‹SK‹DAR;MEHMET AK›F ERSOY;40814;578;1045;300;1574;341;8
‹SK‹DAR;M›MAR S›NAN;98668;493;412;143;522;524;2
‹SK‹DAR;MURATRE›S;40815;520;320;159;401;597;1
‹SK‹DAR;SALACAK;40804;475;247;49;252;518;1
‹SK‹DAR;SELAM› AL›;40819;378;276;128;188;591;3
‹SK‹DAR;SEL›M›YE;40820;443;236;100;396;372;11
‹SK‹DAR;SULTANTEPE;98669;468;222;47;198;538;1
‹SK‹DAR;‹NALAN;40827;953;1059;190;1239;805;158
‹SK‹DAR;VAL›DE-› AT›K;40828;576;475;163;291;922;1
‹SK‹DAR;YAVUZT‹RK;40830;496;2354;372;2804;387;31
‹SK‹DAR;ZEYNEP KAM›L;98670;248;424;27;112;586;1
ZEYT›NBURNU;BEﬁTELS›Z;40838;361;880;309;482;1058;10
ZEYT›NBURNU;«IRPICI;40837;381;759;311;464;986;1
ZEYT›NBURNU;G÷KALP;40834;116;716;243;218;856;1
ZEYT›NBURNU;KAZLI«EﬁME;40840;111;171;240;449;60;13
ZEYT›NBURNU;MALTEPE;40843;450;927;185;1228;269;65
ZEYT›NBURNU;MERKEZEFEND›;40842;182;625;162;469;469;31
ZEYT›NBURNU;NUR›PAﬁA;40832;43;1017;183;251;991;1
ZEYT›NBURNU;SEY›TN›ZAM;40841;157;1024;372;839;672;42
ZEYT›NBURNU;S‹MER;40831;53;1025;223;252;989;60
ZEYT›NBURNU;TELS›Z;40839;567;763;710;596;1443;1
ZEYT›NBURNU;VEL›EFEND›;40836;92;1020;185;418;879;0
ZEYT›NBURNU;YEN›DO–AN;40833;31;450;67;109;438;1
ZEYT›NBURNU;YEﬁ›LTEPE;40835;50;726;113;203;685;1
